{"cameraMode":{"drawMode":0,"name":"Shaded","section":"Shading Mode"},"sceneLighting":false,"audioPlay":false,"sceneViewState":{"showFog":true,"showMaterialUpdate":false,"showSkybox":true,"showFlares":true,"showImageEffects":true,"showParticleSystems":true},"in2DMode":false,"pivot":{"x":-2.061713218688965,"y":0.38021421432495119,"z":9.943853378295899},"rotation":{"x":-0.1730993092060089,"y":0.5382434725761414,"z":-0.11405287683010102,"w":-0.8168981671333313},"size":10.0,"orthographic":false}